id,ref,subtitle,creator_name,creator_url,total_bytes,url,last_updated,download_count,is_private,is_featured,license_name,description,owner_name,owner_ref,kernel_count,title,topic_count,view_count,vote_count,current_version_number,usability_rating,tags,files,versions
3668746,nelgiriyewithana/top-spotify-songs-2023,Hottest Spotify Hits 🎵,Nidula Elgiriyewithana ⚡,nelgiriyewithana,48187,https://www.kaggle.com/datasets/nelgiriyewithana/top-spotify-songs-2023,2023-08-26 11:04:57,123866,False,False,Other (specified in description),,Nidula Elgiriyewithana ⚡,nelgiriyewithana,206,Most Streamed Spotify Songs 2023 ,0,580013,1963,1,1.0,"music, education, computer science, exploratory data analysis, data visualization, classification",,
293841,leonardopena/top50spotify2019,Top 50 songs listened in 2019 on spotify,Leonardo Henrique,leonardopena,2365,https://www.kaggle.com/datasets/leonardopena/top50spotify2019,2019-08-08 16:39:46,45340,False,False,Other (specified in description),,Leonardo Henrique,leonardopena,203,Top 50 Spotify Songs - 2019,0,348669,974,1,1.0,music,,
3025170,salvatorerastelli/spotify-and-youtube,Statistics for the Top 10 songs of various spotify artists and their yt video.,Salvatore Rastelli,salvatorerastelli,9386454,https://www.kaggle.com/datasets/salvatorerastelli/spotify-and-youtube,2023-03-20 15:43:25,35095,False,False,CC0: Public Domain,,Salvatore Rastelli,salvatorerastelli,74,Spotify and Youtube,0,205370,626,2,1.0,"music, data visualization, data analytics",,
5218014,nelgiriyewithana/most-streamed-spotify-songs-2024,Unlocking the Sounds of 2024 ,Nidula Elgiriyewithana ⚡,nelgiriyewithana,508134,https://www.kaggle.com/datasets/nelgiriyewithana/most-streamed-spotify-songs-2024,2024-06-15 18:50:51,42411,False,False,CC BY-SA 4.0,,Nidula Elgiriyewithana ⚡,nelgiriyewithana,62,Most Streamed Spotify Songs 2024,0,183707,560,1,1.0,"music, education, computer science, exploratory data analysis, data visualization, classification",,
2570056,maharshipandya/-spotify-tracks-dataset,A dataset of Spotify songs with different genres and their audio features,MaharshiPandya,maharshipandya,8571542,https://www.kaggle.com/datasets/maharshipandya/-spotify-tracks-dataset,2022-10-22 14:40:15,73692,False,False,"Database: Open Database, Contents: © Original Authors",,MaharshiPandya,maharshipandya,102,🎹 Spotify Tracks Dataset,0,292344,422,1,1.0,"arts and entertainment, music, categorical, tabular, audio",,
1833,geomack/spotifyclassification,An attempt to build a classifier that can predict whether or not I like a song,GeorgeMcIntire,geomack,100786,https://www.kaggle.com/datasets/geomack/spotifyclassification,2017-08-04 21:05:17,37816,False,False,Unknown,,GeorgeMcIntire,geomack,82,Spotify Song Attributes,0,217990,418,1,0.7352941,"music, computer science",,
3905195,asaniczka/top-spotify-songs-in-73-countries-daily-updated,"World's most popular songs on Spotify, updated daily",asaniczka,asaniczka,169690238,https://www.kaggle.com/datasets/asaniczka/top-spotify-songs-in-73-countries-daily-updated,2025-06-11 18:10:57,30950,False,False,ODC Attribution License (ODC-By),,asaniczka,asaniczka,27,Top Spotify Songs in 73 Countries (Daily Updated),0,72432,415,608,1.0,"arts and entertainment, celebrities, dance, music, internet",,
456949,leonardopena/top-spotify-songs-from-20102019-by-year,Top songs by Billboard and by each year ,Leonardo Henrique,leonardopena,19774,https://www.kaggle.com/datasets/leonardopena/top-spotify-songs-from-20102019-by-year,2019-12-26 15:22:06,25633,False,False,Other (specified in description),,Leonardo Henrique,leonardopena,50,Top Spotify songs from 2010-2019 - BY YEAR,0,171747,398,1,1.0,music,,
3938173,joebeachcapital/30000-spotify-songs,"Almost 30,000 Spotify songs from the Spotify API",Joakim Arvidsson,joebeachcapital,3155689,https://www.kaggle.com/datasets/joebeachcapital/30000-spotify-songs,2023-11-01 06:06:43,31715,False,False,"Database: Open Database, Contents: Database Contents",,Joakim Arvidsson,joebeachcapital,84,30000 Spotify Songs,0,155445,396,2,1.0,"music, nlp, data visualization, classification, text",,
2089,edumucelli/spotifys-worldwide-daily-song-ranking,The 200 daily most streamed songs in 53 countries,Eduardo,edumucelli,45167411,https://www.kaggle.com/datasets/edumucelli/spotifys-worldwide-daily-song-ranking,2018-01-12 20:32:57,15094,False,False,Unknown,,Eduardo,edumucelli,28,Spotify's Worldwide Daily Song Ranking,0,130988,367,3,0.7352941,"arts and entertainment, music, software",,
1265407,dhruvildave/spotify-charts,A dataset of all daily hit charts curated by Spotify,Dhruvil Dave,dhruvildave,991225045,https://www.kaggle.com/datasets/dhruvildave/spotify-charts,2022-02-09 19:49:08,22704,False,False,"Database: Open Database, Contents: © Original Authors",,Dhruvil Dave,dhruvildave,21,Spotify Charts,0,171985,364,85,1.0,"arts and entertainment, music, education",,
135088,zaheenhamidani/ultimate-spotify-tracks-db,"Music database (232k tracks) key, mode and time signature are cleaned",Zaheen Hamidani,zaheenhamidani,16221953,https://www.kaggle.com/datasets/zaheenhamidani/ultimate-spotify-tracks-db,2019-07-23 04:26:23,44083,False,False,Unknown,,Zaheen Hamidani,zaheenhamidani,79,Spotify Tracks DB,0,211206,341,3,0.5882353,"arts and entertainment, music, statistical analysis",,
2125460,paradisejoy/top-hits-spotify-from-20002019,Top songs spotify playlists,Mark Koverha,paradisejoy,95910,https://www.kaggle.com/datasets/paradisejoy/top-hits-spotify-from-20002019,2022-05-31 07:20:57,28708,False,False,Other (specified in description),,Mark Koverha,paradisejoy,103,Top Hits Spotify from 2000-2019,0,138235,295,4,1.0,"music, multiclass classification",,
1018569,mrmorj/dataset-of-songs-in-spotify,The full list of genres,Andrii Samoshyn,mrmorj,3213860,https://www.kaggle.com/datasets/mrmorj/dataset-of-songs-in-spotify,2020-12-06 09:46:55,25608,False,False,CC0: Public Domain,,Andrii Samoshyn,mrmorj,52,Dataset of songs in Spotify,0,227826,289,1,1.0,"movies and tv shows, music",,
116709,nadintamer/top-spotify-tracks-of-2018,Audio features of top Spotify songs,Nadin Tamer,nadintamer,7190,https://www.kaggle.com/datasets/nadintamer/top-spotify-tracks-of-2018,2019-02-07 06:04:33,14831,False,False,Data files © Original Authors,,Nadin Tamer,nadintamer,32,Top Spotify Tracks of 2018,0,141724,279,1,0.9411765,"popular culture, music",,
5660867,abdulszz/spotify-most-streamed-songs,Unveiling Streaming: A Comprehensive Analysis of Spotify’s Most Streamed Songs,Muhammad Abdullah,abdulszz,61429,https://www.kaggle.com/datasets/abdulszz/spotify-most-streamed-songs,2024-09-07 18:23:14,24213,False,False,CC0: Public Domain,,Muhammad Abdullah,abdulszz,21,Spotify Most Streamed Songs,0,101038,260,2,1.0,"music, computer science, exploratory data analysis, data visualization, english",,
7664666,anandshaw2001/top-spotify-songs-in-countries,World's Most Popular Songs & Listening History,Anand Shaw,anandshaw2001,6389288,https://www.kaggle.com/datasets/anandshaw2001/top-spotify-songs-in-countries,2025-06-15 05:01:56,10095,False,False,CC0: Public Domain,,Anand Shaw,anandshaw2001,18,Top Spotify Listening History Songs in Countries ,0,40740,217,1,1.0,"arts and entertainment, music, computer science, data visualization, time series analysis",,
7486,nadintamer/top-tracks-of-2017,Audio features of top Spotify songs,Nadin Tamer,nadintamer,7253,https://www.kaggle.com/datasets/nadintamer/top-tracks-of-2017,2017-12-20 06:04:48,13286,False,False,Data files © Original Authors,,Nadin Tamer,nadintamer,20,Top Spotify Tracks of 2017,0,79147,200,1,0.88235295,"popular culture, music",,
680672,rohanrao/chai-time-data-science,CTDS.Show statistics for every episode,Sanyam Bhutani,init27,2832219,https://www.kaggle.com/datasets/rohanrao/chai-time-data-science,2020-07-23 17:23:46,1565,False,False,CC BY-NC-SA 4.0,,Vopani,rohanrao,52,Chai Time Data Science | CTDS.Show,0,61961,197,16,0.9117647,"research, arts and entertainment, music, education, computer science, online communities",,
1495083,bricevergnou/spotify-recommendation,200 songs and their statistics,Brice Vergnou,bricevergnou,30201,https://www.kaggle.com/datasets/bricevergnou/spotify-recommendation,2021-07-27 20:06:27,20252,False,False,CC0: Public Domain,,Brice Vergnou,bricevergnou,41,Spotify Recommendation,0,146750,190,2,1.0,"music, earth and nature, computer science, programming, beginner, intermediate, classification, tabular",,
2057206,muhmores/spotify-top-100-songs-of-20152019,Top 100 songs of each year,Michael Morris,muhmores,142576,https://www.kaggle.com/datasets/muhmores/spotify-top-100-songs-of-20152019,2022-04-09 06:35:36,11512,False,False,Unknown,,Michael Morris,muhmores,16,Spotify Top 100 Songs of 2010-2019,0,58504,169,4,0.88235295,music,,
496640,theoverman/the-spotify-hit-predictor-dataset,"Over 40,000+ Tracks labeled hit or flop, with their features.",Farooq Ansari,theoverman,3238201,https://www.kaggle.com/datasets/theoverman/the-spotify-hit-predictor-dataset,2020-04-25 23:21:37,9542,False,False,CC BY-NC-SA 4.0,,Farooq Ansari,theoverman,26,The Spotify Hit Predictor Dataset (1960-2019),0,433202,169,2,1.0,"arts and entertainment, music, business, internet",,
6438137,solomonameh/spotify-music-dataset,Popular and Not so popular songs,Solomon Ameh,solomonameh,586648,https://www.kaggle.com/datasets/solomonameh/spotify-music-dataset,2025-01-07 06:51:01,13509,False,False,"Database: Open Database, Contents: Database Contents",,Solomon Ameh,solomonameh,25,Spotify Music Dataset,0,64328,155,1,0.9411765,"computer science, programming, binary classification",,
4484522,kanchana1990/spotifys-long-hits-2014-2024,Discover the Timeless Extended Tracks That Shaped a Decade,Kanchana1990,kanchana1990,39137,https://www.kaggle.com/datasets/kanchana1990/spotifys-long-hits-2014-2024,2024-02-23 12:39:02,3369,False,False,ODC Attribution License (ODC-By),,Kanchana1990,kanchana1990,8,Spotify's Long Hits (2014-2024) 🎶,0,17970,150,1,1.0,"culture and humanities, arts and entertainment, music, internet, data visualization",,
1532735,sashankpillai/spotify-top-200-charts-20202021,Spotify Top 200 Charts dataset useful for prediction Machine Learning model,SASHANK PILLAI,sashankpillai,168465,https://www.kaggle.com/datasets/sashankpillai/spotify-top-200-charts-20202021,2021-08-16 05:38:21,12409,False,False,Data files © Original Authors,,SASHANK PILLAI,sashankpillai,18,Spotify Top 200 Charts (2020-2021),0,82406,145,2,0.8235294,"music, education, tabular, audio",,
4543007,arnavvvvv/spotify-music,World's most popular songs on Spotify,Kumar Arnav,arnavvvvv,48205,https://www.kaggle.com/datasets/arnavvvvv/spotify-music,2024-03-06 05:20:29,13893,False,False,CC0: Public Domain,,Kumar Arnav,arnavvvvv,27,Top Spotify Songs,0,59596,144,2,1.0,"websites, arts and entertainment, music, exploratory data analysis, data visualization",,
2660706,notshrirang/spotify-million-song-dataset,"A dataset containing songs, artists names, link to song and lyrics",Shrirang Mahajan,notshrirang,21735868,https://www.kaggle.com/datasets/notshrirang/spotify-million-song-dataset,2022-11-21 16:48:45,21448,False,False,CC0: Public Domain,,Shrirang Mahajan,notshrirang,25,Spotify Million Song Dataset,0,111648,141,1,1.0,"music, beginner, nlp, recommender systems, text",,
2270520,odins0n/top-20-play-store-app-reviews-daily-update,10000 Latest Reviews of Top 20 apps on Google Play Store,Sanskar Hasija,odins0n,20056196,https://www.kaggle.com/datasets/odins0n/top-20-play-store-app-reviews-daily-update,2025-11-21 01:45:27,4158,False,False,Other (specified in description),,Sanskar Hasija,odins0n,9,Top 20 Play Store App Reviews (Daily Update) ,0,26243,140,1105,1.0,"mobile and wireless, tabular, text, multiclass classification",,
1052176,rodolfofigueroa/spotify-12m-songs,Audio features of over 1.2 million songs obtained with the Spotify API,Rodolfo Figueroa,rodolfofigueroa,102161675,https://www.kaggle.com/datasets/rodolfofigueroa/spotify-12m-songs,2020-12-22 06:44:03,10530,False,False,Unknown,,Rodolfo Figueroa,rodolfofigueroa,20,Spotify 1.2M+ Songs,0,70311,140,1,0.8235294,"arts and entertainment, music",,
3913425,asaniczka/trending-youtube-videos-113-countries,Updated daily with daily and weekly movement tracking for Youtube videos,asaniczka,asaniczka,2110297958,https://www.kaggle.com/datasets/asaniczka/trending-youtube-videos-113-countries,2025-11-21 09:31:27,4054,False,False,ODC Attribution License (ODC-By),,asaniczka,asaniczka,8,Trending Youtube Video Statistics (113 Countries),0,20955,139,763,1.0,"popular culture, arts and entertainment, internet, online communities, social networks",,
2777839,rakkesharv/spotify-top-10000-streamed-songs,Top Streamed songs of various artists and different genres,Rakkesh Aravind G,rakkesharv,286888,https://www.kaggle.com/datasets/rakkesharv/spotify-top-10000-streamed-songs,2023-01-02 08:17:15,8895,False,False,CC0: Public Domain,,Rakkesh Aravind G,rakkesharv,19,Spotify Top 10000 Streamed Songs,0,49325,137,1,1.0,music,,
500146,iamsumat/spotify-top-2000s-mega-dataset,Dataset containing audio features of Top 2000 songs on Spotify of all time.,Sumat Singh,iamsumat,67052,https://www.kaggle.com/datasets/iamsumat/spotify-top-2000s-mega-dataset,2020-02-04 10:05:27,13186,False,False,CC0: Public Domain,,Sumat Singh,iamsumat,25,Spotify - All Time Top 2000s Mega Dataset,0,70430,131,5,1.0,"music, computer science",,
1720572,andrewmvd/spotify-playlists,1.2GB of tabular data for music recommendation,Larxel,andrewmvd,191756954,https://www.kaggle.com/datasets/andrewmvd/spotify-playlists,2021-11-15 09:34:14,8354,False,False,Attribution 4.0 International (CC BY 4.0),,Larxel,andrewmvd,30,Spotify Playlists,0,72803,131,1,1.0,"arts and entertainment, music, global, categorical, tabular",,
2680524,jarredpriester/taylor-swift-spotify-dataset,Data from Spotify's API on Taylor Swift,Jarred Priester,jarredpriester,37834,https://www.kaggle.com/datasets/jarredpriester/taylor-swift-spotify-dataset,2024-08-03 06:27:03,9402,False,False,Other (specified in description),,Jarred Priester,jarredpriester,23,Taylor Swift Spotify Dataset,0,52350,128,21,1.0,"arts and entertainment, music, exploratory data analysis, recommender systems, pandas",,
4142701,asaniczka/crimes-in-los-angeles-2020-2023,Official crime records from Los Angeles City,asaniczka,asaniczka,48969040,https://www.kaggle.com/datasets/asaniczka/crimes-in-los-angeles-2020-2023,2024-02-17 14:15:04,3588,False,False,CC0: Public Domain,,asaniczka,asaniczka,5,Los Angeles Crime Data 2020-2023,0,15773,122,9,1.0,"crime, government, exploratory data analysis, data visualization, public safety",,
1993933,yamaerenay/spotify-dataset-19212020-600k-tracks,"Audio features of 600k+ tracks, popularity metrics of 1M+ artists",Yamac Eren Ay,yamaerenay,201984462,https://www.kaggle.com/datasets/yamaerenay/spotify-dataset-19212020-600k-tracks,2022-03-13 21:12:47,16205,False,False,Community Data License Agreement - Sharing - Version 1.0,,Yamac Eren Ay,yamaerenay,14,"Spotify Dataset 1921-2020, 600k+ Tracks",0,90215,122,1,1.0,"music, exploratory data analysis, data analytics, tabular, pandas",,
4561052,kanchana1990/spotify-datapopular-hip-hop-artists-and-tracks,Insights into Hip-Hop's Chart-Topping Hits and Icons,Kanchana1990,kanchana1990,16484,https://www.kaggle.com/datasets/kanchana1990/spotify-datapopular-hip-hop-artists-and-tracks,2024-03-08 09:33:34,2350,False,False,ODC Attribution License (ODC-By),,Kanchana1990,kanchana1990,7,Spotify Data:Popular Hip-Hop  Artists and Tracks🎶,0,11612,122,1,1.0,"arts and entertainment, music, internet, data visualization, data analytics",,
1665352,saurabhshahane/spotgen-music-dataset,SpotGenTrack Popularity Dataset,Saurabh Shahane,saurabhshahane,287007051,https://www.kaggle.com/datasets/saurabhshahane/spotgen-music-dataset,2022-11-10 16:33:14,3587,False,False,Attribution 4.0 International (CC BY 4.0),,Saurabh Shahane,saurabhshahane,3,Spotify and Genius Track Dataset,0,42533,119,349,0.875,music,,
6565768,arshmankhalid/shopify-streaming-history-dataset,"Ready-to-use dataset: Clean, structured, efficient",Arshman Khalid,arshmankhalid,6389264,https://www.kaggle.com/datasets/arshmankhalid/shopify-streaming-history-dataset,2025-01-29 05:30:39,2153,False,False,Apache 2.0,,Arshman Khalid,arshmankhalid,4,Spotify Streaming History Dataset,0,13348,114,1,0.9411765,"arts and entertainment, intermediate, data visualization, tabular",,
3556576,joebeachcapital/top-10000-spotify-songs-1960-now,The best and biggest songs from ARIA & Billboard charts spanning 7 decades.,Joakim Arvidsson,joebeachcapital,4968137,https://www.kaggle.com/datasets/joebeachcapital/top-10000-spotify-songs-1960-now,2024-10-16 05:28:49,17033,False,False,CC0: Public Domain,,Joakim Arvidsson,joebeachcapital,18,Top 10000 Songs on Spotify 1950-Now,0,40944,112,2,1.0,"music, nlp, data visualization, classification, recommender systems",,
8162411,nabihazahid/spotify-dataset-for-churn-analysis,Synthetically generated dataset for EDA and ML,nabiha zahid,nabihazahid,99163,https://www.kaggle.com/datasets/nabihazahid/spotify-dataset-for-churn-analysis,2025-08-28 23:44:35,11939,False,False,Apache 2.0,,nabiha zahid,nabihazahid,24,Spotify Analysis Dataset 2025,0,48614,110,2,1.0,"exploratory data analysis, data visualization, classification, logistic regression, tabular",,
2908016,amaanansari09/top-100-songs,Most Streamed songs with all their features extracted from the Spotify API,Amaan Ansari,amaanansari09,6316,https://www.kaggle.com/datasets/amaanansari09/top-100-songs,2023-03-12 10:06:03,5533,False,False,CC0: Public Domain,,Amaan Ansari,amaanansari09,12,Top 100 songs ,0,29989,109,2,1.0,"arts and entertainment, music",,
4978748,zeesolver/spotfy,A Sonic Journey Through Melodies,Shahzad Aslam,zeesolver,48205,https://www.kaggle.com/datasets/zeesolver/spotfy,2024-05-10 09:21:57,5763,False,False,CC0: Public Domain,,Shahzad Aslam,zeesolver,11,Spotify Songs Album,0,26289,109,1,1.0,"websites, arts and entertainment, music, exploratory data analysis, data visualization",,
3609493,brunoalarcon123/top-200-spotify-songs-dataset,A dataset of all daily TOP200 playlist made by Spotify,Bruno Alarcon,brunoalarcon123,36650567,https://www.kaggle.com/datasets/brunoalarcon123/top-200-spotify-songs-dataset,2023-08-18 05:36:12,5331,False,False,Other (specified in description),,Bruno Alarcon,brunoalarcon123,15,Top 200 Spotify Songs Dataset,0,24985,109,4,1.0,music,,
4083552,thedevastator/spotify-tracks-genre-dataset,Audio features of tracks across diverse genres,The Devastator,thedevastator,8571539,https://www.kaggle.com/datasets/thedevastator/spotify-tracks-genre-dataset,2023-11-30 04:25:48,8555,False,False,CC0: Public Domain,,The Devastator,thedevastator,8,Spotify Tracks Genre ,0,38131,103,1,1.0,"music, data visualization",,
3431702,amitanshjoshi/spotify-1million-tracks,Spotify 1 million tracks dataset,Amitansh joshi,amitanshjoshi,80841459,https://www.kaggle.com/datasets/amitanshjoshi/spotify-1million-tracks,2023-06-21 12:27:55,8923,False,False,"Database: Open Database, Contents: © Original Authors",,Amitansh joshi,amitanshjoshi,26,Spotify_1Million_Tracks,0,40964,102,1,1.0,"music, sampling, multiclass classification, regression",,
2978459,amaanansari09/most-streamed-songs-all-time,Most Streamed Songs of All time on Spotify,Amaan Ansari,amaanansari09,8654,https://www.kaggle.com/datasets/amaanansari09/most-streamed-songs-all-time,2023-03-08 10:56:24,5528,False,False,CC0: Public Domain,,Amaan Ansari,amaanansari09,8,Most Streamed Songs (All Time),0,30948,100,1,1.0,"music, exploratory data analysis, tabular, audio classification, feature extraction",,
3712790,josephinelsy/spotify-top-hit-playlist-2010-2022,Top Hit 100 songs from 2010 to 2023 on Spotify,Josephine,josephinelsy,222055,https://www.kaggle.com/datasets/josephinelsy/spotify-top-hit-playlist-2010-2022,2024-04-15 04:18:01,5537,False,False,Other (specified in description),,Josephine,josephinelsy,8,Spotify Top Hit Playlist (2010-2023),0,25675,99,3,1.0,"music, data visualization, data analytics",,
1983053,equinxx/spotify-top-50-songs-in-2021,Top 50 songs listened in 2021 in Spotify,Hanna Yukhymenko,equinxx,4026,https://www.kaggle.com/datasets/equinxx/spotify-top-50-songs-in-2021,2022-03-17 22:59:45,9474,False,False,CC0: Public Domain,,Hanna Yukhymenko,equinxx,13,Spotify top 50 songs in 2021,0,44737,98,3,1.0,"arts and entertainment, music, art, intermediate",,
2331118,mfaaris/spotify-app-reviews-2022,61k+ Reviews on Google Play Store,M Faarisul Ilmi,mfaaris,4236817,https://www.kaggle.com/datasets/mfaaris/spotify-app-reviews-2022,2022-07-10 17:25:08,9238,False,False,Attribution-NonCommercial 4.0 International (CC BY-NC 4.0),,M Faarisul Ilmi,mfaaris,40,Spotify App Reviews,0,49798,98,1,1.0,"music, nlp, text, multiclass classification, ratings and reviews",,
5225878,ambaliyagati/spotify-dataset-for-playing-around-with-sql,A Comprehensive Collection of Spotify Tracks Across Various Genres,Gati Ambaliya,ambaliyagati,309669,https://www.kaggle.com/datasets/ambaliyagati/spotify-dataset-for-playing-around-with-sql,2024-06-17 10:48:20,8517,False,False,MIT,,Gati Ambaliya,ambaliyagati,12,Spotify dataset ,0,46225,98,2,1.0,"music, exploratory data analysis, data analytics, recommender systems, sql",,
1434459,pepepython/spotify-huge-database-daily-charts-over-3-years,"How do songs' lyrics, rythm and other features influence their success?",Pepe,pepepython,200520481,https://www.kaggle.com/datasets/pepepython/spotify-huge-database-daily-charts-over-3-years,2021-06-27 13:23:37,5483,False,False,Unknown,,Pepe,pepepython,2,Spotify HUGE database - daily charts over 3 years,0,46923,97,1,0.85294116,"music, exploratory data analysis, nlp, matplotlib",,
85801,tomigelo/spotify-audio-features,Audio features for 130k tracks collected from the official Spotify Web API,tomigelo,tomigelo,18268337,https://www.kaggle.com/datasets/tomigelo/spotify-audio-features,2019-04-14 18:02:24,5749,False,False,Other (specified in description),,tomigelo,tomigelo,3,Spotify Audio Features,0,49109,97,3,0.7058824,"music, tabular",,
1272672,zakarii/lofi-hip-hop-midi,MIDI files characterized by distinctive and mellow jazz-like beats.,Zachary Katsnelson,zakarii,38682,https://www.kaggle.com/datasets/zakarii/lofi-hip-hop-midi,2021-04-15 04:45:45,5419,False,False,CC0: Public Domain,,Zachary Katsnelson,zakarii,10,Lo-Fi Hip Hop MIDIs,0,30227,91,1,0.875,"popular culture, music, audio, anime and manga",,
901836,arslanali4343/top-song-daily-ranking-of-spotifys,The 200 daily most streamed songs in 53 countries,Arslan Ali,arslanali4343,13913201,https://www.kaggle.com/datasets/arslanali4343/top-song-daily-ranking-of-spotifys,2020-10-01 15:24:59,631,False,False,Other (specified in description),,Arslan Ali,arslanali4343,1, Top Song Daily Ranking Of Spotify's ,0,7622,90,1,0.9411765,"music, business, education, computer science, gpu",,
4949979,umerhaddii/rolling-stone-album-rankings,Rolling Stone’s 500 Greatest Albums of All Time,Umer Haddii,umerhaddii,44438,https://www.kaggle.com/datasets/umerhaddii/rolling-stone-album-rankings,2024-05-06 11:36:15,513,False,False,CC0: Public Domain,,Umer Haddii,umerhaddii,0, The Rolling Stone Album Rankings,0,3241,91,1,0.9411765,"music, data visualization, data analytics, classification, tabular",,
3486076,meeraajayakumar/spotify-user-behavior-dataset,A Comprehensive Spotify Dataset for User Analysis,Meera Ajayakumar,meeraajayakumar,49304,https://www.kaggle.com/datasets/meeraajayakumar/spotify-user-behavior-dataset,2023-07-06 07:21:38,8877,False,False,Other (specified in description),,Meera Ajayakumar,meeraajayakumar,14,Spotify User Behavior Dataset,0,45854,87,1,0.88235295,"arts and entertainment, music, categorical, mobile and wireless, ratings and reviews",,
4663734,abdelrahman16/spotify-analysis-and-visualization,,AbdElRahman16,abdelrahman16,95910,https://www.kaggle.com/datasets/abdelrahman16/spotify-analysis-and-visualization,2024-03-25 02:34:36,767,False,False,Apache 2.0,,AbdElRahman16,abdelrahman16,1,Spotify Analysis & Visualization,0,3827,86,1,0.64705884,music,,
1800580,vatsalmavani/spotify-dataset,,Vatsal Mavani,vatsalmavani,17275602,https://www.kaggle.com/datasets/vatsalmavani/spotify-dataset,2021-12-17 05:32:31,47499,False,False,Unknown,,Vatsal Mavani,vatsalmavani,52,Spotify dataset,0,75232,82,1,0.1764706,,,
3291731,anxods/spotify-top-50-playlist-songs-anxods,"Spotify Top 50 Playlist Songs (World, USA, UK, Spain, Mexico and others...)",anxods,anxods,1843720,https://www.kaggle.com/datasets/anxods/spotify-top-50-playlist-songs-anxods,2025-11-21 11:26:03,4058,False,False,CC BY-NC-SA 4.0,,anxods,anxods,1,Spotify Top 50 Playlist Songs | @anxods,0,22348,80,768,0.8235294,"popular culture, arts and entertainment, music, tabular, python",,
3285953,conorvaneden/best-songs-on-spotify-for-every-year-2000-2023,Best songs for the last 23 years,Conor Van Eden,conorvaneden,73091,https://www.kaggle.com/datasets/conorvaneden/best-songs-on-spotify-for-every-year-2000-2023,2023-05-18 13:18:56,4677,False,False,Unknown,,Conor Van Eden,conorvaneden,9,Best Songs on Spotify for every year (2000-2023),0,22147,79,5,0.7058824,"music, classification, neural networks, pytorch",,
1622617,pavan9065/top-100-most-streamed-songs-on-spotify,Collection of Spotify's 100 Most Streamed Songs ,PavanKalyan,pavan9065,3884,https://www.kaggle.com/datasets/pavan9065/top-100-most-streamed-songs-on-spotify,2021-10-01 04:39:44,6440,False,False,Other (specified in description),,PavanKalyan,pavan9065,13,Top 100 Most Streamed Songs on Spotify,0,39738,79,1,1.0,"music, beginner, exploratory data analysis, data analytics, recommender systems",,
5181981,darrylljk/spotify-tracks,Audio Features and Metadata for 125 Different Music Genres,dljk_,darrylljk,8571556,https://www.kaggle.com/datasets/darrylljk/spotify-tracks,2024-06-10 01:29:23,645,False,False,Other (specified in description),,dljk_,darrylljk,1,Spotify Tracks,0,3921,79,1,1.0,"music, classification, recommender systems",,
1641094,lehaknarnauli/spotify-datasets,,Lehak Narnauli,lehaknarnauli,86220009,https://www.kaggle.com/datasets/lehaknarnauli/spotify-datasets,2021-10-11 10:13:37,15372,False,False,Unknown,,Lehak Narnauli,lehaknarnauli,44,Spotify Datasets,0,65488,76,2,0.29411766,music,,
6266540,gauthamvijayaraj/spotify-tracks-dataset-updated-every-week,A dataset of Spotify songs with different genres and their audio features.,Gautham Vijayaraj,gauthamvijayaraj,4945579,https://www.kaggle.com/datasets/gauthamvijayaraj/spotify-tracks-dataset-updated-every-week,2024-12-09 18:00:01,5700,False,False,Apache 2.0,,Gautham Vijayaraj,gauthamvijayaraj,9,Spotify Tracks Dataset (Updated every week),0,25298,76,2,1.0,"music, data visualization, data analytics, recommender systems, pandas",,
3720673,meeratif/spotify-most-streamed-artists-of-all-time,Spotify most streamed artists of all time ,meer atif magsi,meeratif,68383,https://www.kaggle.com/datasets/meeratif/spotify-most-streamed-artists-of-all-time,2023-09-10 11:22:46,3081,False,False,Other (specified in description),,meer atif magsi,meeratif,8,Spotify Stats 🎵,0,17476,74,1,0.8235294,"music, global, education, exploratory data analysis, data visualization",,
795088,kailic/bts-lyrics,Dataset of BTS songs' information and lyrics (in English),kaili,kailic,417997,https://www.kaggle.com/datasets/kailic/bts-lyrics,2025-07-31 08:47:51,4441,False,False,CC0: Public Domain,,kaili,kailic,8,BTS Lyrics and Spotify Data,0,23618,74,16,1.0,"popular culture, arts and entertainment, music, text, korea",,
7836693,melissamonfared/spotify-tracks-attributes-and-popularity,A feature-rich dataset of Spotify tracks (audio characteristics & genre labels),Melissa Monfared,melissamonfared,8571540,https://www.kaggle.com/datasets/melissamonfared/spotify-tracks-attributes-and-popularity,2025-07-09 21:31:43,2054,False,False,Other (specified in description),,Melissa Monfared,melissamonfared,11,Spotify Tracks Attributes and Popularity,0,9149,74,1,1.0,"music, art, intermediate, data analytics",,
6023884,refiaozturk/spotify-songs-dataset,A fictional dataset for creative analysis of music trends and song popularity!,Refia Ozturk,refiaozturk,2660135,https://www.kaggle.com/datasets/refiaozturk/spotify-songs-dataset,2024-11-06 11:50:25,2996,False,False,CC BY-SA 4.0,,Refia Ozturk,refiaozturk,6,50K Songs Dataset - Generated by AI,0,14936,73,1,1.0,"music, exploratory data analysis, data cleaning, data visualization, data analytics",,
456958,leonardopena/top-50-spotify-songs-by-each-country,Top 50 songs most popular by country at xmas,Leonardo Henrique,leonardopena,25701,https://www.kaggle.com/datasets/leonardopena/top-50-spotify-songs-by-each-country,2019-12-26 15:31:33,4183,False,False,Other (specified in description),,Leonardo Henrique,leonardopena,6,Top 50 Spotify songs BY EACH COUNTRY,0,36526,71,1,1.0,"music, religion and belief systems, holidays and cultural events",,
4561801,kanchana1990/spotify-oldies-dataset,Spotify Oldies Collection: A Treasury of Classics,Kanchana1990,kanchana1990,18584,https://www.kaggle.com/datasets/kanchana1990/spotify-oldies-dataset,2024-03-08 12:04:42,714,False,False,ODC Attribution License (ODC-By),,Kanchana1990,kanchana1990,2,Spotify Oldies Dataset🎶,0,3652,71,1,1.0,"culture and humanities, arts and entertainment, music, internet, data storytelling",,
3166258,undefinenull/million-song-dataset-spotify-lastfm,"Music Tracks(Audio Features, Spotify Links, Tags, Genres) & User History",UndefineNull,undefinenull,670020079,https://www.kaggle.com/datasets/undefinenull/million-song-dataset-spotify-lastfm,2023-04-22 08:17:45,6836,False,False,Attribution-NonCommercial 4.0 International (CC BY-NC 4.0),,UndefineNull,undefinenull,15,Million Song Dataset + Spotify + Last.fm,0,26036,70,1,0.9411765,"arts and entertainment, music, recommender systems, audio, image classification",,
4804894,sunnykakar/spotify-charts-all-audio-data,A dataset of all daily hit charts curated by Spotify containing all Audio Data,Sunny Kakar,sunnykakar,3050767414,https://www.kaggle.com/datasets/sunnykakar/spotify-charts-all-audio-data,2024-04-15 20:15:15,4331,False,False,"Database: Open Database, Contents: © Original Authors",,Sunny Kakar,sunnykakar,2,Spotify Charts (All Audio Data),0,24961,69,1,1.0,"arts and entertainment, music, education, beginner, intermediate",,
7090023,devdope/900k-spotify,A Dataset for Music Recommendation and Emotion Analysis (500K+ Tracks),DevDope,devdope,1078959401,https://www.kaggle.com/datasets/devdope/900k-spotify,2025-05-15 00:50:25,5133,False,False,Attribution-NonCommercial 4.0 International (CC BY-NC 4.0),,DevDope,devdope,3,"🎧 500K+ Spotify Songs with Lyrics,Emotions & More",0,21145,69,3,1.0,"arts and entertainment, music, education, text generation",,
3720456,meeratif/spotify-most-streamed-songs-of-all-time,Most viewed Songs 🎵,meer atif magsi,meeratif,59913,https://www.kaggle.com/datasets/meeratif/spotify-most-streamed-songs-of-all-time,2023-09-10 10:14:27,3411,False,False,Other (specified in description),,meer atif magsi,meeratif,1,🎵 Spotify most streamed songs,0,17074,68,1,0.88235295,"languages, popular culture, arts and entertainment, music, computer science",,
3488404,byomokeshsenapati/spotify-song-attributes,"""Harmonizing the Hits: Analyzing the Spotify Song Attributes Dataset""",Byomokesh Senapati,byomokeshsenapati,903811,https://www.kaggle.com/datasets/byomokeshsenapati/spotify-song-attributes,2023-07-09 16:00:20,3955,False,False,GPL 2,,Byomokesh Senapati,byomokeshsenapati,8,Spotify Song Attributes,0,22567,68,2,1.0,"music, beginner, exploratory data analysis, data cleaning, data visualization",,
3369463,mauryansshivam/spotify-revenue-expenses-and-its-premium-users,"Listed Spotify Revenue, Expenses and Its Premium Users since 2017",Shivam Maurya,mauryansshivam,1246,https://www.kaggle.com/datasets/mauryansshivam/spotify-revenue-expenses-and-its-premium-users,2023-06-06 18:39:16,4202,False,False,CC0: Public Domain,,Shivam Maurya,mauryansshivam,4,"Spotify Revenue, Expenses and Its Premium Users ",0,20345,66,2,1.0,"music, internet, beginner, tabular, english",,
7125840,kunalgp/top-1000-most-played-spotify-songs-of-all-time,Based on curated playlists and Spotify popularity metrics,Kunal_Gupta,kunalgp,53227,https://www.kaggle.com/datasets/kunalgp/top-1000-most-played-spotify-songs-of-all-time,2025-04-12 18:13:51,5095,False,False,CC0: Public Domain,,Kunal_Gupta,kunalgp,7,Top 1000 Most Played Spotify Songs of All Time,0,20486,66,1,0.9411765,"arts and entertainment, music, education",,
4444044,kanchana1990/popular-spotify-hindi-hits-top-1000,Harmonizing Data: The Pulse of Popular Hindi Music,Kanchana1990,kanchana1990,35471,https://www.kaggle.com/datasets/kanchana1990/popular-spotify-hindi-hits-top-1000,2024-02-15 03:56:50,984,False,False,ODC Attribution License (ODC-By),,Kanchana1990,kanchana1990,2,🎵 Popular Spotify Hindi Hits Top 1000,0,4506,65,1,1.0,"arts and entertainment, music, internet, exploratory data analysis, data storytelling",,
3537616,sanjanchaudhari/spotify-dataset,,Sanjana chaudhari☑️,sanjanchaudhari,2045049,https://www.kaggle.com/datasets/sanjanchaudhari/spotify-dataset,2023-07-20 09:03:55,4919,False,False,ODC Public Domain Dedication and Licence (PDDL),,Sanjana chaudhari☑️,sanjanchaudhari,4,Spotify dataset,0,21486,64,1,0.7058824,"music, earth and nature",,
2456869,sveta151/spotify-top-chart-songs-2022,Dataset with global top chart songs during 2022 ,Sveta151,sveta151,46391,https://www.kaggle.com/datasets/sveta151/spotify-top-chart-songs-2022,2022-09-05 07:59:27,4377,False,False,Data files © Original Authors,,Sveta151,sveta151,5,Spotify top chart songs 2022,0,26462,63,1,1.0,"dance, music, categorical, tabular",,
5458328,bwandowando/spotify-songs-with-attributes-and-lyrics,Song attributes and lyrics with timestamps for 960K Spotify songs,BwandoWando,bwandowando,937835167,https://www.kaggle.com/datasets/bwandowando/spotify-songs-with-attributes-and-lyrics,2025-02-16 07:31:27,2475,False,False,CC BY-NC-SA 4.0,,BwandoWando,bwandowando,2,🎹 960K Spotify Songs With Lyrics data 🎵,0,12264,62,19,1.0,"research, music, nlp, tabular",,
3305794,suraj520/music-dataset-song-information-and-lyrics,A Comprehensive Collection of Songs with Metadata and Lyrics for Research & Dev,Suraj,suraj520,1992670,https://www.kaggle.com/datasets/suraj520/music-dataset-song-information-and-lyrics,2023-05-22 22:50:44,2529,False,False,CC0: Public Domain,,Suraj,suraj520,2,Music Dataset: Song Information and Lyrics,0,17143,62,1,1.0,"music, intermediate, advanced, text mining, text, audio synthesis",,
4183553,asaniczka/linkedin-data-engineer-job-postings,Scraped linkedin Job Postings with NER via Google Gemini,asaniczka,asaniczka,6795661,https://www.kaggle.com/datasets/asaniczka/linkedin-data-engineer-job-postings,2023-12-27 20:42:18,1082,False,False,ODC Attribution License (ODC-By),,asaniczka,asaniczka,4,Linkedin Data Engineer Job Postings,0,6054,61,7,1.0,"employment, computer science, jobs and career",,
3828079,rajatsurana979/most-streamed-spotify-songs-2023,Hottest Spotify Hits 🎵,RAJATSURANA979,rajatsurana979,48187,https://www.kaggle.com/datasets/rajatsurana979/most-streamed-spotify-songs-2023,2023-10-07 12:25:55,1914,False,False,CC0: Public Domain,,RAJATSURANA979,rajatsurana979,3,Most Streamed Spotify Songs 2023,0,10077,60,1,1.0,"music, audio, graph",,
1346122,siropo/spotify-multigenre-playlists-data,Featuring Spotify's audio features for various songs from various playlists,Ido Lior,siropo,2788571,https://www.kaggle.com/datasets/siropo/spotify-multigenre-playlists-data,2021-05-22 19:29:36,2694,False,False,Community Data License Agreement - Sharing - Version 1.0,,Ido Lior,siropo,4,Spotify Multi-Genre Playlists Data,0,15470,60,5,1.0,"music, art, beginner, tabular",,
81300,edalrami/19000-spotify-songs,,Edwin Ramirez,edalrami,1232565,https://www.kaggle.com/datasets/edalrami/19000-spotify-songs,2018-11-23 00:23:37,4180,False,False,Unknown,,Edwin Ramirez,edalrami,14,"19,000 Spotify Songs",0,29993,60,1,0.1764706,,,
4450071,kanchana1990/spotifys-greatest-8000-iconic-tracks,From Timeless Classics to Today's Top Hits: A Musical Journey,Kanchana1990,kanchana1990,353660,https://www.kaggle.com/datasets/kanchana1990/spotifys-greatest-8000-iconic-tracks,2024-02-16 10:31:08,1301,False,False,ODC Attribution License (ODC-By),,Kanchana1990,kanchana1990,1,Spotify's Greatest 🎧: 8000+ Iconic Tracks,0,6618,60,1,1.0,"arts and entertainment, music, internet, exploratory data analysis, data visualization",,
2565129,jfreyberg/spotify-chart-data,A large dataset comprised of Spotify track chart data from 2014 to 2022.,Julian Freyberg,jfreyberg,63851981,https://www.kaggle.com/datasets/jfreyberg/spotify-chart-data,2023-04-09 00:08:54,3860,False,False,Attribution 4.0 International (CC BY 4.0),,Julian Freyberg,jfreyberg,5,Spotify tracks chart dataset (2014-2022),0,22753,59,4,1.0,"music, text",,
1531846,ivannatarov/spotify-daily-top-200-songs-with-genres-20172021,Data on the daily top 200 tracks according to spotify data 2017-2021,Ivan Natarov,ivannatarov,4253635,https://www.kaggle.com/datasets/ivannatarov/spotify-daily-top-200-songs-with-genres-20172021,2021-08-24 12:45:23,2649,False,False,CC0: Public Domain,,Ivan Natarov,ivannatarov,3,Spotify daily top 200 songs with genres 2017-2021,0,19154,58,6,1.0,"music, computer science, beginner, exploratory data analysis, data cleaning, data visualization",,
4622034,julianoorlandi/spotify-top-songs-and-audio-features,Dataset created with Spotify Top Songs Charts and Spotify Web API,Juliano Orlandi,julianoorlandi,538361,https://www.kaggle.com/datasets/julianoorlandi/spotify-top-songs-and-audio-features,2024-03-18 12:49:50,3427,False,False,CC BY-NC-SA 4.0,,Juliano Orlandi,julianoorlandi,8,Spotify Top Songs and Audio Features,0,16365,57,1,1.0,"arts and entertainment, music, art",,
492577,cnic92/spotify-past-decades-songs-50s10s,Spotify attributes of songs from all available past decades (50s - 10s),Nicolas Carbone,cnic92,28428,https://www.kaggle.com/datasets/cnic92/spotify-past-decades-songs-50s10s,2020-01-28 17:41:12,5038,False,False,Data files © Original Authors,,Nicolas Carbone,cnic92,6,Spotify Past Decades Songs Attributes,0,32639,55,9,1.0,music,,
598879,jcacperalta/spotify-daily-top-200-ph,"Data of Philippines' top 200 streamed songs in Spotify, 2017-present",JC Peralta,jcacperalta,4416152,https://www.kaggle.com/datasets/jcacperalta/spotify-daily-top-200-ph,2023-10-21 07:08:04,3255,False,False,Other (specified in description),,JC Peralta,jcacperalta,0,Spotify Daily Top 200 Tracks in the Philippines,0,18154,54,16,0.7647059,music,,
4200899,tonygordonjr/spotify-dataset-2023,Spotify data for all the music & data lovers,Tony Gordon Jr.,tonygordonjr,101062584,https://www.kaggle.com/datasets/tonygordonjr/spotify-dataset-2023,2023-12-20 23:37:29,6137,False,False,Other (specified in description),,Tony Gordon Jr.,tonygordonjr,8,Spotify Dataset 2023,0,26272,54,2,1.0,"music, engineering, beginner, exploratory data analysis, bigquery",,
5417253,sarametawea/spotify-analysis-and-visualization,"Exploring Playlists, Artists, and User Engagement",SARA METAWEA,sarametawea,95910,https://www.kaggle.com/datasets/sarametawea/spotify-analysis-and-visualization,2024-07-19 21:02:51,174,False,False,Apache 2.0,,SARA METAWEA,sarametawea,0,Spotify Analysis & Visualization,0,1115,54,1,0.7058824,music,,
8255415,ahmadrazakashif/spotify-popularity-songs,A Comprehensive Collection of Trending Spotify Tracks with Audio Features and P,Ahmad Raza Kashif,ahmadrazakashif,48213,https://www.kaggle.com/datasets/ahmadrazakashif/spotify-popularity-songs,2025-09-12 10:16:24,1927,False,False,ODC Public Domain Dedication and Licence (PDDL),,Ahmad Raza Kashif,ahmadrazakashif,7,Spotify_Popularity.Songs,0,8693,54,1,1.0,"music, audio, python, audio-to-audio, video audio text",,
3871133,sujaykapadnis/spotify-songs,Spotify songs dataset,Sujay Kapadnis,sujaykapadnis,3152944,https://www.kaggle.com/datasets/sujaykapadnis/spotify-songs,2023-10-17 09:17:20,2377,False,False,Other (specified in description),,Sujay Kapadnis,sujaykapadnis,7,spotify songs,0,12774,54,1,1.0,"arts and entertainment, movies and tv shows, music",,
3072981,prathamsaraf1389/spotify-global-top-50-daily-update,Discover Daily-updated Spotify Global Top 50 -World's Most Popular Songs Dataset,pratham saraf,prathamsaraf1389,72627484,https://www.kaggle.com/datasets/prathamsaraf1389/spotify-global-top-50-daily-update,2024-11-27 06:35:17,2216,False,False,Data files © Original Authors,,pratham saraf,prathamsaraf1389,2,Spotify Global Top 50 (Daily Update),0,15084,53,328,1.0,"arts and entertainment, music, beginner, recommender systems, multimodal",,
2691244,bwandowando/daily-spotify-top-50-of-60-countries,Daily data pull of official Spotify Top 50 of 63 countries + Global,BwandoWando,bwandowando,66287679,https://www.kaggle.com/datasets/bwandowando/daily-spotify-top-50-of-60-countries,2023-08-31 05:21:43,1963,False,False,CC0: Public Domain,,BwandoWando,bwandowando,3,(🌇Sunset) Spotify Daily Top 50 Of 63 countries,0,11123,53,17,0.875,"arts and entertainment, music, tabular",,
7070496,atharvasoundankar/spotify-global-streaming-data-2024,"A deep dive into global Spotify streaming trends, artists, and listener habits",Atharva Soundankar,atharvasoundankar,28022,https://www.kaggle.com/datasets/atharvasoundankar/spotify-global-streaming-data-2024,2025-04-30 05:16:57,4834,False,False,Apache 2.0,,Atharva Soundankar,atharvasoundankar,10,🎧 Spotify Global Streaming Data (2024),0,22077,53,2,1.0,"music, earth and nature, people and society, business, data analytics",,
3614002,kapturovalexander/spotify-data-from-pyspark-course,"Enhance your PySpark, SQL or ML skills using this dataset",Alexander Kapturov,kapturovalexander,12969103,https://www.kaggle.com/datasets/kapturovalexander/spotify-data-from-pyspark-course,2025-03-29 19:27:13,1528,False,False,CC0: Public Domain,,Alexander Kapturov,kapturovalexander,4,🎧📻 Spotify data from PySpark course,0,8363,51,53,1.0,"music, beginner, intermediate, advanced, tabular",,
3282341,viktoriiashkurenko/278k-spotify-songs,278K songs + their Audio Analysis,Viktoriia Shkurenko,viktoriiashkurenko,44872326286,https://www.kaggle.com/datasets/viktoriiashkurenko/278k-spotify-songs,2023-05-18 17:11:45,2495,False,False,Other (specified in description),,Viktoriia Shkurenko,viktoriiashkurenko,1,6K Spotify Playlists,0,16461,51,2,1.0,"music, exploratory data analysis, data analytics, recommender systems, tabular",,
2495939,adnananam/spotify-artist-stats,"Data of 1000+ Spotify Artists with their Tracks, Streams, Feats, and much more..",Adnan Anam,adnananam,28330,https://www.kaggle.com/datasets/adnananam/spotify-artist-stats,2022-09-22 03:22:44,3505,False,False,CC0: Public Domain,,Adnan Anam,adnananam,2,Spotify Artist Stats,0,24819,51,1,1.0,"music, art, exploratory data analysis, time series analysis, tabular",,
43005,xvivancos/the-cure-discography,Metrics and audio features,Xavier,xvivancos,17862,https://www.kaggle.com/datasets/xvivancos/the-cure-discography,2018-08-12 21:21:09,996,False,False,"Database: Open Database, Contents: Database Contents",,Xavier,xvivancos,6,The Cure discography,0,12894,51,1,1.0,"popular culture, music, beginner, exploratory data analysis, data visualization",,
4342763,joebeachcapital/57651-spotify-songs,"Almost 60000 rows and 4 columns of artist, song name, link, and lyrics.",Joakim Arvidsson,joebeachcapital,21501186,https://www.kaggle.com/datasets/joebeachcapital/57651-spotify-songs,2024-01-23 06:48:36,2763,False,False,"Database: Open Database, Contents: Database Contents",,Joakim Arvidsson,joebeachcapital,10,60000 Spotify Songs,0,19388,51,1,1.0,"arts and entertainment, music, artificial intelligence, nlp, text classification",,
5350191,priyamchoksi/spotify-dataset-114k-songs,This is a dataset of Spotify tracks over a range of 125 different genres.,Priyam Choksi,priyamchoksi,8571542,https://www.kaggle.com/datasets/priyamchoksi/spotify-dataset-114k-songs,2024-07-07 17:12:18,2599,False,False,MIT,,Priyam Choksi,priyamchoksi,8,114000 Spotify Songs,0,11515,51,1,1.0,"music, art, data analytics, classification, recommender systems",,
2537753,jfreyberg/spotify-artist-feature-collaboration-network,A network-dataset covering features between leading global artists on spotify.,Julian Freyberg,jfreyberg,15330572,https://www.kaggle.com/datasets/jfreyberg/spotify-artist-feature-collaboration-network,2022-10-10 14:11:34,2867,False,False,Attribution 4.0 International (CC BY 4.0),,Julian Freyberg,jfreyberg,13,Spotify Artist Feature Collaboration Network,0,17934,51,2,0.9705882,"music, social networks",,
4134515,asaniczka/public-opinion-russia-ukraine-war-updated-daily,Insights from Reddit discussions on the ongoing conflict,asaniczka,asaniczka,1261014222,https://www.kaggle.com/datasets/asaniczka/public-opinion-russia-ukraine-war-updated-daily,2025-07-08 11:43:54,512,False,False,ODC Attribution License (ODC-By),,asaniczka,asaniczka,1,Public Opinion Russia Ukraine War (Updated Daily),0,3647,50,517,0.9411765,"russia, military, ukrainian",,
4667559,muzammilbaloch/spotify-top-tracks-dataset-2000-2019,Unlocking the Secrets of Music Popularity on Spotify,Muzammil Baloch,muzammilbaloch,0,https://www.kaggle.com/datasets/muzammilbaloch/spotify-top-tracks-dataset-2000-2019,2024-03-25 15:12:44,322,False,False,Apache 2.0,,Muzammil Baloch,muzammilbaloch,3,Spotify Top Tracks Dataset (2000-2019),0,4746,50,1,1.0,"music, data analytics, tabular",,
3720806,meeratif/spotify-top-artists-by-monthly-listeners,🔥 👑 Top Artists by Monthly Listeners ,meer atif magsi,meeratif,59910,https://www.kaggle.com/datasets/meeratif/spotify-top-artists-by-monthly-listeners,2023-09-10 12:10:44,2186,False,False,Other (specified in description),,meer atif magsi,meeratif,3,Spotify top artists by monthly listeners,0,10712,49,1,0.88235295,"arts and entertainment, music, computer science, exploratory data analysis, data visualization",,
3545496,crxxom/spotify-popular-east-asian-artists-and-tracks,Top 1000 tracks & top 100 artists from each sections of East Asian music,crxxom,crxxom,1115572,https://www.kaggle.com/datasets/crxxom/spotify-popular-east-asian-artists-and-tracks,2023-07-22 17:39:23,1911,False,False,Other (specified in description),,crxxom,crxxom,2,Spotify Popular East Asian Artists and Tracks,0,9064,49,4,1.0,"arts and entertainment, music, chinese, japanese, korean",,
6712883,rishabhpancholi1302/spotify-most-popular-songs-dataset,"Unveiling Spotify’s Top Hits: Audio, Lyrics & Insights for Music Analysis",RishabhPancholi1302,rishabhpancholi1302,3707341,https://www.kaggle.com/datasets/rishabhpancholi1302/spotify-most-popular-songs-dataset,2025-02-21 10:45:03,2528,False,False,Apache 2.0,,RishabhPancholi1302,rishabhpancholi1302,5,Spotify Most Popular Songs Dataset,0,12060,49,1,0.8235294,"arts and entertainment, music, nlp, clustering, k-means, text",,
3616377,mcfurland/10-m-beatport-tracks-spotify-audio-features,Full Beatport DB -- 4.7M Spotify Audio Features (updated 9/19/23),mcfurland,mcfurland,2273027048,https://www.kaggle.com/datasets/mcfurland/10-m-beatport-tracks-spotify-audio-features,2023-09-19 22:17:14,2071,False,False,"Database: Open Database, Contents: © Original Authors",,mcfurland,mcfurland,5,10+ M. Beatport Tracks / Spotify Audio Features,0,10905,48,21,1.0,"arts and entertainment, music, classification, deep learning, tabular, image",,
538220,danield2255/data-on-songs-from-billboard-19992019,Data on artists and songs that appeared on Billboard Hot 100 from 1999 to 2019,Daniel DeFoe,danield2255,69679604,https://www.kaggle.com/datasets/danield2255/data-on-songs-from-billboard-19992019,2020-03-03 08:51:03,5072,False,False,Unknown,,Daniel DeFoe,danield2255,4,Data on Songs from Billboard 1999-2019,0,33420,48,1,0.7352941,"universities and colleges, music",,
6823323,atharvasoundankar/global-music-streaming-trends-and-listener-insights,"Analyzing Music Streaming Trends, Listener Habits & Preferences 🎵",Atharva Soundankar,atharvasoundankar,97474,https://www.kaggle.com/datasets/atharvasoundankar/global-music-streaming-trends-and-listener-insights,2025-03-09 05:12:00,6118,False,False,CC0: Public Domain,,Atharva Soundankar,atharvasoundankar,9,Global Music Streaming Trends & Listener Insights,0,21268,48,1,1.0,"arts and entertainment, music, artificial intelligence, exploratory data analysis, data visualization",,
5774474,daniilmiheev/top-spotify-podcasts-daily-updated,Top 200 Spotify Podcast Episodes in 22 countries,Woys,daniilmiheev,242247674,https://www.kaggle.com/datasets/daniilmiheev/top-spotify-podcasts-daily-updated,2025-11-20 21:01:34,3132,False,False,ODC Attribution License (ODC-By),,Woys,daniilmiheev,1,Top Spotify Podcast Episodes (Daily Updated),0,14327,48,76,1.0,"popular culture, nlp, text, news, text classification",,
2447425,estienneggx/spotify-unpopular-songs,More than 10 000 of the most unpopular songs in Spotify,EstienneGGX,estienneggx,286394,https://www.kaggle.com/datasets/estienneggx/spotify-unpopular-songs,2023-04-02 01:04:38,2179,False,False,CC0: Public Domain,,EstienneGGX,estienneggx,6,Spotify unpopular songs,0,14861,47,6,1.0,"music, art, clustering, tabular, audio",,
4011637,miquelneck/worlds-spotify-top-50-playlist-musicality-data,Songs melodic and meta data of every Top-50 playlist of Spotify.,Miquel Neck,miquelneck,175413,https://www.kaggle.com/datasets/miquelneck/worlds-spotify-top-50-playlist-musicality-data,2023-11-26 11:58:41,2372,False,False,CC0: Public Domain,,Miquel Neck,miquelneck,1,World's Spotify TOP-50 playlist musicality data,0,10372,47,3,1.0,"music, global, intermediate, data analytics, pandas",,
736953,andrewmvd/music-sales,"45+ years of sales by media, from vinyl to streaming",Larxel,andrewmvd,16742,https://www.kaggle.com/datasets/andrewmvd/music-sales,2020-06-24 19:16:08,3964,False,False,Other (specified in description),,Larxel,andrewmvd,5,Music Industry Sales (1973 - 2019),0,36510,46,1,1.0,"music, tabular",,
4411450,yukawithdata/spotify-top-tracks-2023,The most streamed songs of 2023 (Global),yukawithdata,yukawithdata,3805,https://www.kaggle.com/datasets/yukawithdata/spotify-top-tracks-2023,2024-02-07 05:52:12,3399,False,False,Other (specified in description),,yukawithdata,yukawithdata,6,Spotify Top 50 Tracks 2023,0,16243,46,1,1.0,"arts and entertainment, music, computer science, programming, data analytics",,
2826158,ayushnitb/song-features-dataset-regressing-popularity,Spotify Song features.,Ayush Oturkar,ayushnitb,9662366,https://www.kaggle.com/datasets/ayushnitb/song-features-dataset-regressing-popularity,2023-01-19 21:37:15,968,False,False,Other (specified in description),,Ayush Oturkar,ayushnitb,4,Song Features Dataset - Regressing Popularity ,0,7055,45,2,0.8235294,"music, data visualization, statistical analysis, linear regression, tabular",,
2599738,thedevastator/predicting-artists-success,A New Frontier in Music Data Analysis,The Devastator,thedevastator,49850218,https://www.kaggle.com/datasets/thedevastator/predicting-artists-success,2022-11-02 18:16:02,1323,False,False,Other (specified in description),,The Devastator,thedevastator,1,Predicting Artists Success,0,13536,45,2,1.0,"music, religion and belief systems, data visualization",,
3938290,joebeachcapital/taylor-swift-all-songs-and-albums,Lyrics & audio features from the Spotify API for all Taylor's studio album songs,Joakim Arvidsson,joebeachcapital,25327,https://www.kaggle.com/datasets/joebeachcapital/taylor-swift-all-songs-and-albums,2024-06-17 06:09:09,1517,False,False,"Database: Open Database, Contents: Database Contents",,Joakim Arvidsson,joebeachcapital,1,Taylor Swift - All Songs & Albums,0,9757,45,2,1.0,"arts and entertainment, celebrities, music, nlp, text classification",,
5782610,alexandrakim2201/spotify-dataset,Exploring Positive and Negative Feedback from Real Users to Uncover Key Insights,Alexandra kim,alexandrakim2201,3045449,https://www.kaggle.com/datasets/alexandrakim2201/spotify-dataset,2024-10-03 10:36:36,3750,False,False,Attribution-NonCommercial 4.0 International (CC BY-NC 4.0),,Alexandra kim,alexandrakim2201,25,Spotify User Reviews,0,17920,44,2,1.0,"nlp, text, text classification, text generation",,
849626,ektanegi/spotifydata-19212020,Audio features of songs from 1921-2020,Ekta Negi,ektanegi,13647187,https://www.kaggle.com/datasets/ektanegi/spotifydata-19212020,2020-08-29 09:18:25,3685,False,False,Unknown,,Ekta Negi,ektanegi,11,Spotify-Data 1921-2020,0,28504,44,1,0.7352941,music,,
4132875,asaniczka/san-francisco-police-stop-data-2018-2023,Dataset containing police stop data from the San Francisco Police Department,asaniczka,asaniczka,20531503,https://www.kaggle.com/datasets/asaniczka/san-francisco-police-stop-data-2018-2023,2023-12-08 17:44:15,447,False,False,CC0: Public Domain,,asaniczka,asaniczka,1,San Francisco Police Stop Data 2018-2023,0,2348,43,3,1.0,"crime, government, law, public safety",,
5755539,asmonline/spotify-song-performance-dataset,Spotify’s dataset of top streamed songs and artists,Aryan Singh,asmonline,56109,https://www.kaggle.com/datasets/asmonline/spotify-song-performance-dataset,2024-09-23 21:06:36,3621,False,False,CC BY-NC-SA 4.0,,Aryan Singh,asmonline,10,Spotify's Most Streamed Songs 2024,0,17652,43,1,0.9411765,"music, exploratory data analysis, data visualization, data analytics, tabular",,
2559845,thedevastator/popularity-of-spotify-top-tracks-by-genre,"A Case Study of Dance Pop, Ballad, and R&B",The Devastator,thedevastator,9324456,https://www.kaggle.com/datasets/thedevastator/popularity-of-spotify-top-tracks-by-genre,2022-10-18 17:55:53,1533,False,False,Other (specified in description),,The Devastator,thedevastator,4,Popularity of Spotify Top Tracks by Genre,0,12036,42,2,0.8235294,"popular culture, music, tabular",,
4175424,asaniczka/movie-identification-dataset-800-movies,Frames from 800 top-rated movies for building movie identification models,asaniczka,asaniczka,12101707041,https://www.kaggle.com/datasets/asaniczka/movie-identification-dataset-800-movies,2023-12-16 11:28:26,480,False,False,ODC Attribution License (ODC-By),,asaniczka,asaniczka,2,Movie Identification Dataset [800 Movies],0,4778,42,1,0.875,"popular culture, arts and entertainment, movies and tv shows, image classification",,
6544170,sgoutami/spotify-streaming-history,music streaming history for a Spotify user,Santa Goutami,sgoutami,6388736,https://www.kaggle.com/datasets/sgoutami/spotify-streaming-history,2025-01-25 05:14:49,2845,False,False,MIT,,Santa Goutami,sgoutami,10,Spotify Streaming History,0,14019,42,1,1.0,"music, tabular",,
8708707,wardabilal/spotify-global-music-dataset-20092025,"Analysis of artist popularity, track trends, and music evolution over time.",Warda Bilal,wardabilal,1289021,https://www.kaggle.com/datasets/wardabilal/spotify-global-music-dataset-20092025,2025-11-11 09:43:05,2493,False,False,CC0: Public Domain,,Warda Bilal,wardabilal,5,Spotify Global Music Dataset (2009–2025),0,10303,42,1,1.0,"arts and entertainment, music, data visualization, data analytics, deep learning",,
939453,sootersaalu/nigerian-songs-spotify,"A look at some Nigerian songs on Spotify, audio features attached",Sooter Saalu,sootersaalu,24232,https://www.kaggle.com/datasets/sootersaalu/nigerian-songs-spotify,2020-10-25 19:10:23,1234,False,False,Other (specified in description),,Sooter Saalu,sootersaalu,3,Nigerian Songs Spotify,0,9080,41,1,1.0,"arts and entertainment, music, africa, internet",,
4167660,asaniczka/top-264-speedrun-com-leaderboard-stats,Scraped leaderboards for top 264 games on speedrun.com,asaniczka,asaniczka,27540710,https://www.kaggle.com/datasets/asaniczka/top-264-speedrun-com-leaderboard-stats,2023-12-14 22:34:19,168,False,False,ODC Attribution License (ODC-By),,asaniczka,asaniczka,0,Top 264 Speedrun.com Leaderboard Stats,0,1465,41,1,0.9411765,"games, video games, exploratory data analysis, data visualization, online communities",,
7946154,rohitgrewal/spotify-youtube-data,Start analysing the dataset with Python,Data Science Lovers,rohitgrewal,9386470,https://www.kaggle.com/datasets/rohitgrewal/spotify-youtube-data,2025-07-26 08:56:33,2712,False,False,"Database: Open Database, Contents: Database Contents",,Data Science Lovers,rohitgrewal,4,Spotify-YouTube Data,0,12792,41,1,1.0,"music, data cleaning, data visualization, data analytics, pandas, python",,
7859727,rudraprasadbhuyan/spotify-dataset-for-ml-practice,For ML tasks like regression & classification using Spotify data,Rudra Prasad Bhuyan,rudraprasadbhuyan,23511842,https://www.kaggle.com/datasets/rudraprasadbhuyan/spotify-dataset-for-ml-practice,2025-07-13 17:26:28,1809,False,False,MIT,,Rudra Prasad Bhuyan,rudraprasadbhuyan,7,Spotify Dataset for ML Practice,0,9275,41,1,1.0,"music, computer science, beginner, intermediate, regression, multilabel classification",,
4130954,asaniczka/subway-surfers-speedrun-leaderboards-dataset,Comprehensive collection of speedrun leaderboards for Subway Surfers,asaniczka,asaniczka,221020,https://www.kaggle.com/datasets/asaniczka/subway-surfers-speedrun-leaderboards-dataset,2023-12-08 10:38:26,655,False,False,ODC Attribution License (ODC-By),,asaniczka,asaniczka,1,Subway Surfers Speedrun Leaderboards Dataset,0,4022,40,1,0.9411765,"popular culture, games, video games, online communities",,
4104660,thedevastator/billboard-hot-100-audio-features,Billboard Hot 100 Weekly Charts with Spotify Audio Features,The Devastator,thedevastator,14075422,https://www.kaggle.com/datasets/thedevastator/billboard-hot-100-audio-features,2023-12-04 04:05:08,1353,False,False,Data files © Original Authors,,The Devastator,thedevastator,2,Billboard Hot weekly charts,0,8311,39,1,1.0,"music, data cleaning, nlp, data visualization",,
5956065,mashathebear/spotify-top-10-hits-2024,Top 10 Songs and Artists: Analyzing Popularity and Trends in Music.,Masha,mashathebear,423,https://www.kaggle.com/datasets/mashathebear/spotify-top-10-hits-2024,2024-10-27 05:09:40,1667,False,False,CC0: Public Domain,,Masha,mashathebear,4,Spotify Top 10 Hits 2024,0,11123,39,1,0.8235294,"music, data visualization, data analytics, numpy, python",,
7166530,devdope/200k-spotify-songs-light-dataset,A Light Dataset for Music Recommendation and Emotion Analysis (200K+ Tracks),DevDope,devdope,17660144,https://www.kaggle.com/datasets/devdope/200k-spotify-songs-light-dataset,2025-04-16 21:03:24,3396,False,False,Attribution-NonCommercial 4.0 International (CC BY-NC 4.0),,DevDope,devdope,6,🎧 200K+ Spotify Songs Light Dataset,0,12878,39,1,0.9411765,"arts and entertainment, music, education, text generation",,
3340952,abdullahorzan/moodify-dataset,Approximately 278k songs from Spotify with labeled emotions by Moodify app.,Abdullah Orzan,abdullahorzan,29087019,https://www.kaggle.com/datasets/abdullahorzan/moodify-dataset,2023-05-31 01:15:32,2319,False,False,Attribution 4.0 International (CC BY 4.0),,Abdullah Orzan,abdullahorzan,8,278k Emotion Labeled Spotify Songs,0,16955,39,2,0.8235294,"arts and entertainment, intermediate, classification, tabular",,
3441194,hedizekri/top-charts-artists-country,Top Spotify's charts artists native country,Hedi Zekri,hedizekri,8264,https://www.kaggle.com/datasets/hedizekri/top-charts-artists-country,2023-06-24 05:38:18,624,False,False,Attribution-NonCommercial-ShareAlike 3.0 IGO (CC BY-NC-SA 3.0 IGO),,Hedi Zekri,hedizekri,2,Top charts artists country,0,4160,38,1,1.0,"music, art, global, text",,
3778601,sujaykapadnis/top-100-billboard,Billboard Hot 100 is the music industry standard record chart in the US,Sujay Kapadnis,sujaykapadnis,28541119,https://www.kaggle.com/datasets/sujaykapadnis/top-100-billboard,2023-09-25 08:29:40,1390,False,False,Other (specified in description),,Sujay Kapadnis,sujaykapadnis,1,Top 100 Billboard,0,6976,38,1,1.0,music,,
3812086,joebeachcapital/rolling-stones-500-greatest-albums-of-all-time,The Rolling Stone's list of 500 Greatest Albums of All Time updated 2012,Joakim Arvidsson,joebeachcapital,57549,https://www.kaggle.com/datasets/joebeachcapital/rolling-stones-500-greatest-albums-of-all-time,2024-06-12 01:08:46,1128,False,False,"Database: Open Database, Contents: Database Contents",,Joakim Arvidsson,joebeachcapital,4,Rolling Stone's 500 Greatest Albums of All Time,0,6370,38,2,1.0,"music, data visualization, data analytics, classification, clustering",,
5575029,thebumpkin/10400-classic-hits-10-genres-1923-to-2023,"15,150 Tracks From 3083 Artists Spanning 1923-2023",The Bumpkin,thebumpkin,693288,https://www.kaggle.com/datasets/thebumpkin/10400-classic-hits-10-genres-1923-to-2023,2024-08-30 18:20:48,2261,False,False,MIT,,The Bumpkin,thebumpkin,10,"15,000 Music Tracks - 19 Genres (w/ Spotify Data)",0,10725,38,4,1.0,"arts and entertainment, music, beginner, data visualization, text",,
4568,danielgrijalvas/steven-wilson-analysis,Finding songs that match Steven Wilson's style,Timo Bozsolik,timoboz,170241,https://www.kaggle.com/datasets/danielgrijalvas/steven-wilson-analysis,2017-11-26 21:46:49,474,False,False,CC0: Public Domain,,Daniel Grijalva,danielgrijalvas,4,Steven Wilson detector,0,13272,38,14,0.9705882,"arts and entertainment, music, audio",,
7494334,cluesec/app-store-music-app-reviews,"5,600+ multilingual music app reviews from Apple’s App Store across 20 countries",ClueSec,cluesec,524162,https://www.kaggle.com/datasets/cluesec/app-store-music-app-reviews,2025-05-23 10:30:42,996,False,False,CC BY-NC-SA 4.0,,ClueSec,cluesec,5,App Store Music App Reviews,0,4225,38,1,1.0,"music, ratings and reviews",,
3594661,ishikajohari/shazam-global-top-200-per-week,Top 200 global song shazams per week for Fall 2023,Ishika Johari,ishikajohari,47277,https://www.kaggle.com/datasets/ishikajohari/shazam-global-top-200-per-week,2023-09-29 11:01:02,618,False,False,CC0: Public Domain,,Ishika Johari,ishikajohari,1,Shazam Global Top 200 per Week,0,3421,37,13,1.0,"popular culture, arts and entertainment, music, exploratory data analysis, data storytelling",,
2283624,akhileshgulati/spotify-playlist,Spotify Playlist provides you with my own collection of songs,Akhilesh Gulati,akhileshgulati,28372,https://www.kaggle.com/datasets/akhileshgulati/spotify-playlist,2022-07-29 05:58:58,1033,False,False,Community Data License Agreement - Sharing - Version 1.0,,Akhilesh Gulati,akhileshgulati,2,Spotify_playlist,0,7322,37,3,1.0,"music, beginner, exploratory data analysis, data visualization, data analytics",,
880,aniruddhaachar/audio-features,"Playlist is based on themes like dinner, sleep, party and workout",Aniruddha Achar,aniruddhaachar,313251,https://www.kaggle.com/datasets/aniruddhaachar/audio-features,2017-03-03 06:23:55,1170,False,False,CC BY-NC-SA 4.0,,Aniruddha Achar,aniruddhaachar,5,Audio Features for Playlist Creation,0,19028,37,2,0.8235294,"music, software",,
1128921,atillacolak/top-50-spotify-tracks-2020,top 50 tracks listened on spotify in 2020,Atilla Colak,atillacolak,4501,https://www.kaggle.com/datasets/atillacolak/top-50-spotify-tracks-2020,2021-01-31 07:15:21,3874,False,False,CC0: Public Domain,,Atilla Colak,atillacolak,3,Top 50 Spotify Tracks- 2020,0,20448,37,2,1.0,"music, data visualization, statistical analysis, matplotlib, pandas",,
6042500,chik0di/eminem-dataset, Track-Level Insights and Audio Features from Spotify,Chik0di,chik0di,57092,https://www.kaggle.com/datasets/chik0di/eminem-dataset,2025-01-03 21:56:39,662,False,False,CC0: Public Domain,,Chik0di,chik0di,2,Eminem Dataset,0,4396,37,2,1.0,"arts and entertainment, celebrities, music, art, politics",,
3573142,anoopjohny/socialmedia,A Diverse Snapshot of Social Media Users and Engagements,Anoop Johny,anoopjohny,4736,https://www.kaggle.com/datasets/anoopjohny/socialmedia,2023-07-30 19:32:59,3014,False,False,"Database: Open Database, Contents: Database Contents",,Anoop Johny,anoopjohny,4,socialmedia,0,13712,36,2,1.0,"social science, internet, tabular, online communities",,
4356048,malingarajapaksha/my-spotify-data-cleaned,cleaned version of spotify streaming history,Malinga Rajapaksha,malingarajapaksha,2952139,https://www.kaggle.com/datasets/malingarajapaksha/my-spotify-data-cleaned,2024-01-26 02:54:16,1327,False,False,Other (specified in description),,Malinga Rajapaksha,malingarajapaksha,1,My Spotify Data - Cleaned,0,8527,36,1,1.0,"music, computer science, data visualization, data analytics, audio, json, english",,
5998384,devedzic/the-beatles-songs-dataset,"All songs. 45 features/columns. Basic info, audio features, genres, charts,...",Vladan Devedzic,devedzic,39162,https://www.kaggle.com/datasets/devedzic/the-beatles-songs-dataset,2024-11-02 17:01:11,1278,False,False,Apache 2.0,,Vladan Devedzic,devedzic,1,The Beatles songs dataset,0,6756,36,1,1.0,"music, data visualization, data analytics",,
7265701,glowstudygram/spotify-songs-and-artists-dataset,"Spotify dataset with artist, track details, and audio features for analysis.",Noor Rehman,glowstudygram,68415,https://www.kaggle.com/datasets/glowstudygram/spotify-songs-and-artists-dataset,2025-04-27 12:38:36,2463,False,False,Apache 2.0,,Noor Rehman,glowstudygram,6,Spotify Songs and Artists Dataset | Audio Features,0,9847,36,1,0.8235294,"music, intermediate, tabular, english",,
2794569,kabhishm/global-spotify-weekly-chart,The Global Weekly Chart of Spotify,kabhishm,kabhishm,7792,https://www.kaggle.com/datasets/kabhishm/global-spotify-weekly-chart,2023-03-05 08:07:41,1608,False,False,CC0: Public Domain,,kabhishm,kabhishm,4,Global Spotify Weekly Chart,0,11994,35,10,1.0,"arts and entertainment, music, global, people",,
3590551,georgeggcoco/closeness-of-music-genres,Square Dataset with 3000 music genres and the 'distance' between them.,George GG,georgeggcoco,17720945,https://www.kaggle.com/datasets/georgeggcoco/closeness-of-music-genres,2023-08-04 13:27:45,900,False,False,ODC Attribution License (ODC-By),,George GG,georgeggcoco,1,Spotify's top 3000 music genres - Network,0,4895,35,1,1.0,"music, beginner, data analytics, tabular, distance",,
3311160,jonbown/metallica-songs,Spotify Song Attributes,Jonathan Bown,jonbown,61740,https://www.kaggle.com/datasets/jonbown/metallica-songs,2023-08-01 00:47:02,577,False,False,CC BY-NC-SA 4.0,,Jonathan Bown,jonbown,2,Metallica Songs,0,3521,35,7,1.0,"arts and entertainment, music, art, tabular",,
3425168,receplyasolu/6k-weather-labeled-spotify-songs,Approximately 6k songs from Spotify with labeled weather by Dr. Weather app.,Recep İlyasoğlu,receplyasolu,235492,https://www.kaggle.com/datasets/receplyasolu/6k-weather-labeled-spotify-songs,2023-06-20 00:00:27,1027,False,False,Apache 2.0,,Recep İlyasoğlu,receplyasolu,1,6k Weather Labeled Spotify Songs,0,4095,35,1,0.7058824,"arts and entertainment, intermediate, recommender systems, tabular",,
1760133,naoh1092/spotify-genre-audio-features,Audio features from Spotify API by 7 music genres ,Noah,naoh1092,1387530,https://www.kaggle.com/datasets/naoh1092/spotify-genre-audio-features,2021-12-01 11:04:06,904,False,False,CC0: Public Domain,,Noah,naoh1092,1,Spotify Genre Audio features,0,9958,35,1,0.7941176,"music, audio",,
673749,hkapoor/spotify-top-songs-by-country-may-2020,Top 50 songs of each country in Spotify - Updated May 2020,Harshit Kapoor,hkapoor,52892,https://www.kaggle.com/datasets/hkapoor/spotify-top-songs-by-country-may-2020,2020-06-05 15:56:09,3168,False,False,Data files © Original Authors,,Harshit Kapoor,hkapoor,1,Spotify - Top Songs by Country Charts,0,25564,35,2,1.0,"arts and entertainment, music",,
4999332,sarahjeffreson/large-random-spotify-artist-sample-with-metadata,"A representative sample of all artists on Spotify, not just the popular ones",Sarah Jeffreson,sarahjeffreson,3694670,https://www.kaggle.com/datasets/sarahjeffreson/large-random-spotify-artist-sample-with-metadata,2024-05-30 17:28:02,952,False,False,"Database: Open Database, Contents: © Original Authors",,Sarah Jeffreson,sarahjeffreson,5,Large random Spotify artist sample with metadata,0,5034,35,3,1.0,"arts and entertainment, music, categorical, tabular",,
5007713,sarahjeffreson/featured-spotify-artiststracks-with-metadata,A representative sample of artists and tracks featured by Spotify over one month,Sarah Jeffreson,sarahjeffreson,5266120,https://www.kaggle.com/datasets/sarahjeffreson/featured-spotify-artiststracks-with-metadata,2024-05-15 19:38:13,1240,False,False,"Database: Open Database, Contents: © Original Authors",,Sarah Jeffreson,sarahjeffreson,4,Featured Spotify artists/tracks with metadata,0,6531,35,2,1.0,"arts and entertainment, music, categorical, tabular, audio",,
5460165,thebumpkin/1980s-classic-hits-with-spotify-data,998 Tracks from 478 Artists Covering the Years 1980-1989,The Bumpkin,thebumpkin,45079,https://www.kaggle.com/datasets/thebumpkin/1980s-classic-hits-with-spotify-data,2024-07-29 02:53:58,1353,False,False,MIT,,The Bumpkin,thebumpkin,12,1980s Classic Hits (with Spotify Data),0,5883,35,1,1.0,"arts and entertainment, music, beginner, data visualization, text",,
2660063,arthurboari/taylor-swift-spotify-data,This dataset presents all Taylor Swift Spotify Data obtained as of 2024-11-24.,ARTHUR BOARI,arthurboari,904070,https://www.kaggle.com/datasets/arthurboari/taylor-swift-spotify-data,2024-11-24 16:46:03,1542,False,False,CC0: Public Domain,,ARTHUR BOARI,arthurboari,1,Taylor Swift Spotify Data,0,11349,34,7,1.0,music,,
3163329,anxods/eurovision-2023-betting-odds,Eurovision 2023 Betting Odds web scraping + Spotify Data with Python,anxods,anxods,254176,https://www.kaggle.com/datasets/anxods/eurovision-2023-betting-odds,2023-05-28 09:40:17,630,False,False,CC BY-NC-SA 4.0,,anxods,anxods,5,Eurovision 2023 Betting Odds + Spotify | @anxods,0,7201,34,33,1.0,"arts and entertainment, movies and tv shows, music, pandas, python",,
3410005,mauryansshivam/spotify-top-10-tracks-singer-wise-in-india,"Listed Top tracks of 166 Singers at Spotify India, songs in different languages.",Shivam Maurya,mauryansshivam,43814,https://www.kaggle.com/datasets/mauryansshivam/spotify-top-10-tracks-singer-wise-in-india,2023-07-21 03:28:24,542,False,False,CC0: Public Domain,,Shivam Maurya,mauryansshivam,1,Spotify Top 10 Tracks of 166 Singers in India ,0,2799,34,3,1.0,"music, india, beginner, tabular, english",,
4328106,terencicp/musical-collaborations-between-top-artists-in-2022,Exploring the network of collaborations among Spotify's most popular artists,Terenci Claramunt,terencicp,18159,https://www.kaggle.com/datasets/terencicp/musical-collaborations-between-top-artists-in-2022,2024-01-19 17:13:13,968,False,False,Apache 2.0,,Terenci Claramunt,terencicp,2,Musical collaborations between top artists in 2022,0,5202,34,1,1.0,music,,
6318973,tonygordonjr/football-match-statistics-and-more,"The Complete Football Dataset: Stats, Stories, and Insights That Matter",Tony Gordon Jr.,tonygordonjr,114937852,https://www.kaggle.com/datasets/tonygordonjr/football-match-statistics-and-more,2024-12-17 05:05:28,1309,False,False,Other (specified in description),,Tony Gordon Jr.,tonygordonjr,0,Football: Match Statistics and More! ⚽🔥,0,6941,34,3,0.9411765,"games, football, global, sports, business",,
6436381,yamaerenay/spotify-dataset-1921-2020-160k-tracks,Audio features of 160k+ tracks ranging from 1921 to 2020,Yamac Eren Ay,yamaerenay,17275552,https://www.kaggle.com/datasets/yamaerenay/spotify-dataset-1921-2020-160k-tracks,2025-01-06 21:27:40,3047,False,False,Community Data License Agreement - Sharing - Version 1.0,,Yamac Eren Ay,yamaerenay,6,"Spotify Dataset 1921-2020, 160k+ Tracks",0,12890,34,1,1.0,"music, data visualization, clustering, tabular, feature extraction",,
4108467,thedevastator/streaming-activity-dataset,4 years of diverse music streaming data across platforms and ages,The Devastator,thedevastator,3586470,https://www.kaggle.com/datasets/thedevastator/streaming-activity-dataset,2023-12-04 16:28:24,2286,False,False,Other (specified in description),,The Devastator,thedevastator,1,Streaming Activity Dataset,0,11409,33,2,0.9411765,"music, data type, social networks",,
3331261,faizalkarim/coldplay-albums-and-live-shows,Viva la Dataset: Exploring Coldplay's Albums and Electrifying Performances,Faizal Karim,faizalkarim,9820,https://www.kaggle.com/datasets/faizalkarim/coldplay-albums-and-live-shows,2023-05-28 19:27:07,775,False,False,CC0: Public Domain,,Faizal Karim,faizalkarim,4,Coldplay - Albums & Live shows,0,4470,32,1,1.0,"music, exploratory data analysis, data visualization, data analytics, data storytelling",,
2680280,jarredpriester/ed-sheeran-spotify-dataset,Data from Spotify's API on Ed Sheeran,Jarred Priester,jarredpriester,17711,https://www.kaggle.com/datasets/jarredpriester/ed-sheeran-spotify-dataset,2024-08-02 06:21:04,754,False,False,Other (specified in description),,Jarred Priester,jarredpriester,4,Ed Sheeran Spotify Dataset,0,4433,32,21,1.0,"arts and entertainment, music, exploratory data analysis, recommender systems, pandas",,
2020223,maltegrosse/8-m-spotify-tracks-genre-audio-features,"SQLite db of millions of Spotify tracks (Audio Features, Genre, Artist etc)",Malte Grosse,maltegrosse,2005310973,https://www.kaggle.com/datasets/maltegrosse/8-m-spotify-tracks-genre-audio-features,2022-03-23 15:09:59,1651,False,False,Data files © Original Authors,,Malte Grosse,maltegrosse,1,"8+ M. Spotify Tracks, Genre, Audio Features",0,11765,32,1,0.47058824,music,,
1633783,sberj127/kpop-hits-through-the-years,Hit songs in K-Pop from the 90s to the latest year using Apple Music and Spotify,Sandra Angela Berjamin,sberj127,47004,https://www.kaggle.com/datasets/sberj127/kpop-hits-through-the-years,2022-02-24 15:12:55,2622,False,False,Other (specified in description),,Sandra Angela Berjamin,sberj127,2,K-Pop Hits Through The Years,0,15315,32,2,1.0,"popular culture, arts and entertainment, music, tabular, audio",,
842335,ritesh2000/spotify-top-50-most-streamed-songs,Spotify Most Streamed Songs,Ritesh Yadav,ritesh2000,2090,https://www.kaggle.com/datasets/ritesh2000/spotify-top-50-most-streamed-songs,2020-08-23 14:37:06,1239,False,False,CC0: Public Domain,,Ritesh Yadav,ritesh2000,7,Spotify Top 50+ Most Streamed Songs,0,10660,32,1,1.0,"arts and entertainment, education, internet",,
5561255,thebumpkin/700-classic-disco-tracks-with-spotify-data,"700 Disco Tracks From 101 Unique Artists  x 18 Columns = 12,600 Data Points",The Bumpkin,thebumpkin,38661,https://www.kaggle.com/datasets/thebumpkin/700-classic-disco-tracks-with-spotify-data,2024-08-20 21:08:16,1036,False,False,MIT,,The Bumpkin,thebumpkin,9,700 Classic Disco Tracks (with Spotify Data),0,5045,32,3,1.0,"arts and entertainment, music, beginner, data visualization, text",,
6164222,aldoussnow/kendrick-lamar-complete-discography,Complete Kendrick Lamar Discography using SPOTIFY API,Aldous Snow,aldoussnow,59140,https://www.kaggle.com/datasets/aldoussnow/kendrick-lamar-complete-discography,2024-11-25 19:30:50,2562,False,False,CC BY-NC-SA 4.0,,Aldous Snow,aldoussnow,5,Kendrick Lamar Dataset,0,7640,32,1,0.9411765,"popular culture, arts and entertainment, celebrities, music, art",,
2573145,younver/spotify-top-200-dataset,Spotify Charts top 200 songs between 2017~2021 in global,Yiğit Ö. Ünver,younver,9853572,https://www.kaggle.com/datasets/younver/spotify-top-200-dataset,2022-10-29 19:36:07,1086,False,False,GNU Lesser General Public License 3.0,,Yiğit Ö. Ünver,younver,1,spotify top 200 dataset,0,9310,31,2,1.0,"music, beginner, advanced, image, text",,
4142519,asaniczka/minecraft-console-edition-speedrun-leaderboards,Collection of speedrun leaderboards for Minecraft: Legacy Console Edition,asaniczka,asaniczka,88050,https://www.kaggle.com/datasets/asaniczka/minecraft-console-edition-speedrun-leaderboards,2023-12-10 17:28:01,313,False,False,ODC Attribution License (ODC-By),,asaniczka,asaniczka,1,Minecraft Console Edition Speedrun Leaderboards,0,1943,31,1,0.9411765,"popular culture, games, video games, online communities",,
4012778,bwandowando/3-4-million-spotify-google-store-reviews,Google Store Reviews of Spotify application,BwandoWando,bwandowando,273598020,https://www.kaggle.com/datasets/bwandowando/3-4-million-spotify-google-store-reviews,2023-11-17 01:20:28,633,False,False,CC0: Public Domain,,BwandoWando,bwandowando,3,🎸3.4 Million Spotify Google Store Reviews,0,4316,31,2,1.0,"music, nlp, tabular, ratings and reviews",,
3896374,sujaykapadnis/taylor-swift-dataset,"Taylor Swift Songs, Albums as ERAS TOUR was announced",Sujay Kapadnis,sujaykapadnis,25327,https://www.kaggle.com/datasets/sujaykapadnis/taylor-swift-dataset,2023-10-23 08:50:56,636,False,False,Other (specified in description),,Sujay Kapadnis,sujaykapadnis,1,It's Taylor Swift 🎧🎸🎹🎷🎵🎶🎼,0,4757,31,1,1.0,music,,
4570082,madroscla/taylor-swift-released-song-discography-genius,A collection of all released songs in Taylor Swift's discography from Genius.,Madeline Clark,madroscla,214696,https://www.kaggle.com/datasets/madroscla/taylor-swift-released-song-discography-genius,2024-11-27 18:32:44,857,False,False,CC BY-SA 4.0,,Madeline Clark,madroscla,2,Taylor Swift - Released Song Discography (Genius),0,5248,31,6,1.0,"websites, arts and entertainment, music, exploratory data analysis, english",,
4477559,paakhim10/taylor-swift-the-myth-the-legend,Quantitative and qualitative statistics of Taylor Swift's songs,Paakhi Maheshwari,paakhim10,26763,https://www.kaggle.com/datasets/paakhim10/taylor-swift-the-myth-the-legend,2024-02-22 06:23:16,751,False,False,Apache 2.0,,Paakhi Maheshwari,paakhim10,3,"Taylor Swift - The Myth, the Legend",0,5266,31,1,1.0,"dance, music",,
5674756,delfinaoliva/taylor-swift-discography,"Data from Spotify, YouTube and Wikipedia",Delfina Oliva,delfinaoliva,596083,https://www.kaggle.com/datasets/delfinaoliva/taylor-swift-discography,2024-09-24 14:35:32,1435,False,False,Other (specified in description),,Delfina Oliva,delfinaoliva,3,Taylor Swift Discography (TTPD included),0,6782,31,3,1.0,"arts and entertainment, music, english",,
6911641,samayashar/billboard-top-songs,Hit Predictor 5000: Unlocking the Science Behind Chart-Topping Songs!,Samay Ashar,samayashar,147043,https://www.kaggle.com/datasets/samayashar/billboard-top-songs,2025-03-19 12:05:49,2120,False,False,CC0: Public Domain,,Samay Ashar,samayashar,6,Billboard Top Songs 🎶,0,9847,31,1,1.0,music,,
6305000,michaellanurias/spotify-playlist-origins,Dataset from the Spotify playlist called ORIGINS.,Michael Lanurias,michaellanurias,25810,https://www.kaggle.com/datasets/michaellanurias/spotify-playlist-origins,2024-12-15 01:16:34,1362,False,False,Apache 2.0,,Michael Lanurias,michaellanurias,4,Spotify Playlist-ORIGINS,0,7703,31,1,1.0,"music, statistical analysis, classification, decision tree, knn",,
4201628,asaniczka/data-analyst-job-postings,Scraped Jobs from Linkedin. Augmented with Job Skills,asaniczka,asaniczka,17347829,https://www.kaggle.com/datasets/asaniczka/data-analyst-job-postings,2024-06-20 08:14:40,518,False,False,ODC Attribution License (ODC-By),,asaniczka,asaniczka,1,Data Analyst Job Postings,0,3205,31,101,1.0,"employment, income, science and technology, computer science, jobs and career",,
2891554,thedevastator/muse-music-sentiment-analysis,"Music Tags, Metadata, & Audio Features",The Devastator,thedevastator,5465479,https://www.kaggle.com/datasets/thedevastator/muse-music-sentiment-analysis,2023-02-12 09:54:16,779,False,False,CC0: Public Domain,,The Devastator,thedevastator,0,MuSe Music Sentiment Analysis,0,7273,31,2,0.9411765,"music, text mining",,
5755112,delfinaoliva/sabrina-carpenter-discography,"Data from Spotify, YouTube and Wikipedia about the pop singer of the moment",Delfina Oliva,delfinaoliva,6086,https://www.kaggle.com/datasets/delfinaoliva/sabrina-carpenter-discography,2024-09-23 18:30:01,1088,False,False,Other (specified in description),,Delfina Oliva,delfinaoliva,1,Sabrina Carpenter Discography,0,6602,31,1,1.0,"arts and entertainment, music, english",,
2363203,yelexa/spotify200,Top 200 songs on Spotify by country from 2021/02/04 ~ 2022/07/14,yelexa,yelexa,195636939,https://www.kaggle.com/datasets/yelexa/spotify200,2022-07-25 04:35:48,2560,False,False,Unknown,,yelexa,yelexa,2,Spotify Weekly Top 200 Songs Streaming Data,0,16126,30,1,0.7647059,"music, text, audio",,
511492,shubchat/1002-short-stories-from-project-guttenberg,"Short stories from project guttenberg with metadata info(Author,title,language) ",Shubh Chatterjee,shubchat,93681494,https://www.kaggle.com/datasets/shubchat/1002-short-stories-from-project-guttenberg,2020-02-12 20:13:26,2111,False,False,Other (specified in description),,Shubh Chatterjee,shubchat,4,1002 short stories from project guttenberg,0,18122,30,1,1.0,"arts and entertainment, literature",,
1206828,cakiki/muse-the-musical-sentiment-dataset,90K Songs in Three-dimensional Sentiment Space,Christopher Akiki,cakiki,7300473,https://www.kaggle.com/datasets/cakiki/muse-the-musical-sentiment-dataset,2021-05-19 20:35:27,1825,False,False,Attribution 4.0 International (CC BY 4.0),,Christopher Akiki,cakiki,4,MuSe: The Musical Sentiment Dataset,0,21821,30,5,1.0,"research, culture and humanities, music, tabular",,
5890222,chik0di/tyler-the-creator-dataset,Dataset UPDATED! CHROMAKOPIA is here!,Chik0di,chik0di,21070,https://www.kaggle.com/datasets/chik0di/tyler-the-creator-dataset,2024-11-01 14:00:54,644,False,False,CC0: Public Domain,,Chik0di,chik0di,3,"Tyler, the Creator Dataset",0,5337,30,3,1.0,"arts and entertainment, literature, music, clothing and accessories",,
5592138,thebumpkin/300-world-music-tracks-with-spotify-data,326 Tracks From 66 Artists Spanning 1958-2019,The Bumpkin,thebumpkin,19202,https://www.kaggle.com/datasets/thebumpkin/300-world-music-tracks-with-spotify-data,2024-08-25 13:05:14,2048,False,False,MIT,,The Bumpkin,thebumpkin,6,300 World Music Tracks (with Spotify Data),0,8491,30,1,1.0,"arts and entertainment, music, beginner, data visualization, text",,
6735064,sonalanand/spotify-dataset-for-self-practise,"🎶 Spotify Data Unplugged: Trends, Analysis & Visualizations",Sonal Anand,sonalanand,48187,https://www.kaggle.com/datasets/sonalanand/spotify-dataset-for-self-practise,2025-02-24 22:09:29,1696,False,False,Apache 2.0,,Sonal Anand,sonalanand,11,Spotify-Dataset_for_Self_practise,0,8314,30,1,0.7058824,"music, exploratory data analysis, data visualization, data analytics, python",,
2758179,sejungjenn/spotify-best-songs-of-2022,Audio features and info about all the songs we've loved (2018 - 2022).,SEJUNG JENN,sejungjenn,39029,https://www.kaggle.com/datasets/sejungjenn/spotify-best-songs-of-2022,2022-12-28 08:06:49,613,False,False,"Database: Open Database, Contents: © Original Authors",,SEJUNG JENN,sejungjenn,2,Spotify: Winner Tracks Audio Features🎹,0,4085,29,4,1.0,"music, art, data analytics, tabular, pandas",,
714646,imuhammad/audio-features-and-lyrics-of-spotify-songs,"A dataset of 18000 Spotify songs along with lyrics, audio features and language.",Muhammad Nakhaee,imuhammad,12879577,https://www.kaggle.com/datasets/imuhammad/audio-features-and-lyrics-of-spotify-songs,2020-06-14 09:02:27,2805,False,False,Unknown,,Muhammad Nakhaee,imuhammad,8,Audio features and lyrics of Spotify songs,0,22223,29,1,0.47058824,,,
4803460,timursharifullindata/russian-rap-2017-2022-dataset,Dataset related to variables of songs in discographies of russian rap hitmakers.,Timur Sharifullin,timursharifullindata,2161585,https://www.kaggle.com/datasets/timursharifullindata/russian-rap-2017-2022-dataset,2024-05-03 01:01:43,580,False,False,MIT,,Timur Sharifullin,timursharifullindata,2,Russian Rap 2017-2022 Dataset,0,3659,29,3,1.0,"music, russia, social science, data analytics, english",,
5163415,yaminimanral/taylor-swift-dataset-ttpd-included,This brand new dataset includes all of Taylors Albums and track details.,Yamini Manral,yaminimanral,23936,https://www.kaggle.com/datasets/yaminimanral/taylor-swift-dataset-ttpd-included,2024-06-06 16:49:29,879,False,False,MIT,,Yamini Manral,yaminimanral,3,Taylor Swift Dataset (TTPD included),0,5479,29,2,1.0,music,,
